Téléchargement du 31/10/2025;

M. CAMILLE MARTIN;
Compte de Dépôt carte n° 00012345678;
Solde au 31/10/2025 6 877,97 €
;
Liste des opérations du compte entre le 01/10/2025 et le 31/10/2025;

Date;Libellé;Débit euros;Crédit euros;
01/10/2025;"VIR SEPA RECU /DE ACME CONSULTING SAS /MOTIF SALAIRE 10/2025
";;3 450,00;
02/10/2025;"VIR SEPA EMIS /A REVOLUT /MOTIF TOP UP
";600,00;;
02/10/2025;"PAIEMENT PAR CARTE X4821 FRANPRIX 01/10
";48,89;;
03/10/2025;"PRLV SEPA FONCIA LOCATION
ECH/031025 ID EMETTEUR/FR45ZZZ001122 MDT/LOY2023
";1 180,00;;
05/10/2025;"PRLV SEPA FREE MOBILE
MDT/FM0001
";19,99;;
06/10/2025;"PRLV SEPA FREE TELECOM FREEBOX
";29,99;;
08/10/2025;"PRLV SEPA EDF CLIENTS PARTICULIERS
";76,13;;
10/10/2025;"PRLV SEPA MAIF ASSURANCE HABITATION
";24,50;;
12/10/2025;"PRLV SEPA ALAN SA MUTUELLE
";38,00;;
15/10/2025;"VIR SEPA EMIS /A LIVRET A /MOTIF EPARGNE
";400,00;;
16/10/2025;"PAIEMENT PAR CARTE X4821 PICARD 15/10
";64,08;;
16/10/2025;"VIR SEPA RECU /DE CPAM PARIS /MOTIF REMB SOINS
";;48,40;
18/10/2025;"PAIEMENT PAR CARTE X4821 BOULANGERIE MAISON LAMBERT 18/10
";36,07;;
19/10/2025;"PAIEMENT PAR CARTE X4821 CARREFOUR CITY 18/10
";31,36;;
19/10/2025;"PAIEMENT PAR CARTE X4821 PICARD 18/10
";21,08;;
20/10/2025;"COTISATION OFFRE GLOBULE
";2,50;;
22/10/2025;"RETRAIT DAB 21/10 CARTE X4821
";60,00;;
28/10/2025;"PAIEMENT PAR CARTE X4821 CARREFOUR CITY 27/10
";91,58;;
28/10/2025;"PAIEMENT PAR CARTE X4821 SARL LE COMPTOIR DE NOE 28/10
";10,14;;
30/10/2025;"PAIEMENT PAR CARTE X4821 CARREFOUR CITY 29/10
";86,12;;
