Type,Product,Started Date,Completed Date,Description,Amount,Fee,Currency,State,Balance
TOPUP,Current,2025-10-02 10:39:00,2025-10-02 12:00:00,Top-Up by *4821,600.00,0.00,EUR,COMPLETED,940.00
CARD_PAYMENT,Current,2025-10-04 10:38:00,2025-10-04 12:00:00,Netflix,-13.49,0.00,EUR,COMPLETED,926.51
CARD_PAYMENT,Current,2025-10-07 10:58:00,2025-10-07 12:00:00,Spotify,-11.12,0.00,EUR,COMPLETED,915.39
CARD_PAYMENT,Current,2025-10-07 10:12:00,2025-10-07 12:00:00,Uber,-15.57,0.00,EUR,COMPLETED,899.82
CARD_PAYMENT,Current,2025-10-09 10:45:00,2025-10-09 12:00:00,Disney Plus,-9.99,0.00,EUR,COMPLETED,889.83
CARD_PAYMENT,Current,2025-10-11 10:32:00,2025-10-11 12:00:00,Basic-Fit,-29.99,0.00,EUR,COMPLETED,859.84
CARD_PAYMENT,Current,2025-10-13 10:05:00,2025-10-13 12:00:00,iCloud+,-2.99,0.00,EUR,COMPLETED,856.85
CARD_PAYMENT,Current,2025-10-13 10:41:00,2025-10-13 12:00:00,Chez Bébert Bistrot,-21.02,0.00,EUR,COMPLETED,835.83
CARD_PAYMENT,Current,2025-10-13 10:38:00,2025-10-13 12:00:00,Zara,-82.26,0.00,EUR,COMPLETED,753.57
CARD_PAYMENT,Current,2025-10-17 10:26:00,2025-10-17 12:00:00,Fnac,-65.04,0.00,EUR,COMPLETED,688.53
CARD_PAYMENT,Current,2025-10-17 10:07:00,2025-10-17 12:00:00,Lime,-6.79,0.00,EUR,COMPLETED,681.74
CARD_PAYMENT,Current,2025-10-19 10:22:00,2025-10-19 12:00:00,Le Petit Zinc,-28.64,0.00,EUR,COMPLETED,653.10
CARD_PAYMENT,Current,2025-10-20 10:30:00,2025-10-20 12:00:00,Deezer,-11.99,0.00,EUR,COMPLETED,641.11
CARD_PAYMENT,Current,2025-10-24 10:12:00,2025-10-24 12:00:00,Pret A Manger,-9.91,0.00,EUR,COMPLETED,631.20
CARD_PAYMENT,Current,2025-10-25 10:02:00,,Pending Coffee,-3.50,0.00,EUR,PENDING,
CARD_PAYMENT,Current,2025-10-29 10:45:00,2025-10-29 12:00:00,Chez Bébert Bistrot,-19.95,0.00,EUR,COMPLETED,611.25
CARD_PAYMENT,Current,2025-10-31 10:27:00,2025-10-31 12:00:00,Deliveroo,-24.82,0.00,EUR,COMPLETED,586.43
TOPUP,Current,2025-11-02 10:16:00,2025-11-02 12:00:00,Top-Up by *4821,600.00,0.00,EUR,COMPLETED,1186.43
CARD_PAYMENT,Current,2025-11-04 10:23:00,2025-11-04 12:00:00,Netflix,-13.49,0.00,EUR,COMPLETED,1172.94
CARD_PAYMENT,Current,2025-11-07 10:52:00,2025-11-07 12:00:00,Spotify,-11.12,0.00,EUR,COMPLETED,1161.82
CARD_PAYMENT,Current,2025-11-09 10:34:00,2025-11-09 12:00:00,Disney Plus,-9.99,0.00,EUR,COMPLETED,1151.83
CARD_PAYMENT,Current,2025-11-11 10:13:00,2025-11-11 12:00:00,Basic-Fit,-29.99,0.00,EUR,COMPLETED,1121.84
CARD_PAYMENT,Current,2025-11-13 10:32:00,2025-11-13 12:00:00,iCloud+,-2.99,0.00,EUR,COMPLETED,1118.85
CARD_PAYMENT,Current,2025-11-13 10:57:00,2025-11-13 12:00:00,RATP,-2.15,0.00,EUR,COMPLETED,1116.70
CARD_PAYMENT,Current,2025-11-14 10:07:00,2025-11-14 12:00:00,Amazon,-40.55,0.00,EUR,COMPLETED,1076.15
CARD_PAYMENT,Current,2025-11-15 10:47:00,2025-11-15 12:00:00,Le Petit Zinc,-54.52,0.00,EUR,COMPLETED,1021.63
CARD_PAYMENT,Current,2025-11-17 10:32:00,2025-11-17 12:00:00,Deliveroo,-38.78,0.00,EUR,COMPLETED,982.85
CARD_PAYMENT,Current,2025-11-18 10:10:00,2025-11-18 12:00:00,Amazon,-67.27,0.00,EUR,COMPLETED,915.58
CARD_PAYMENT,Current,2025-11-19 10:23:00,2025-11-19 12:00:00,Uber Eats,-37.43,0.00,EUR,COMPLETED,878.15
CARD_PAYMENT,Current,2025-11-20 10:21:00,2025-11-20 12:00:00,Deezer,-11.99,0.00,EUR,COMPLETED,866.16
CARD_PAYMENT,Current,2025-11-24 10:50:00,2025-11-24 12:00:00,Chez Bébert Bistrot,-42.08,0.00,EUR,COMPLETED,824.08
CARD_PAYMENT,Current,2025-11-25 10:40:00,,Pending Coffee,-3.50,0.00,EUR,PENDING,
CARD_PAYMENT,Current,2025-11-27 10:36:00,2025-11-27 12:00:00,Le Petit Zinc,-35.49,0.00,EUR,COMPLETED,788.59
CARD_PAYMENT,Current,2025-11-30 10:08:00,2025-11-30 12:00:00,Starbucks,-4.77,0.00,EUR,COMPLETED,783.82
TOPUP,Current,2025-12-02 10:54:00,2025-12-02 12:00:00,Top-Up by *4821,600.00,0.00,EUR,COMPLETED,1383.82
CARD_PAYMENT,Current,2025-12-03 10:18:00,2025-12-03 12:00:00,Fnac,-34.56,0.00,EUR,COMPLETED,1349.26
CARD_PAYMENT,Current,2025-12-03 10:51:00,2025-12-03 12:00:00,RATP,-2.15,0.00,EUR,COMPLETED,1347.11
CARD_PAYMENT,Current,2025-12-04 10:46:00,2025-12-04 12:00:00,Netflix,-13.49,0.00,EUR,COMPLETED,1333.62
CARD_PAYMENT,Current,2025-12-07 10:17:00,2025-12-07 12:00:00,Spotify,-11.12,0.00,EUR,COMPLETED,1322.50
CARD_PAYMENT,Current,2025-12-07 10:21:00,2025-12-07 12:00:00,Amazon,-66.67,0.00,EUR,COMPLETED,1255.83
CARD_PAYMENT,Current,2025-12-09 10:04:00,2025-12-09 12:00:00,Disney Plus,-9.99,0.00,EUR,COMPLETED,1245.84
CARD_PAYMENT,Current,2025-12-11 10:02:00,2025-12-11 12:00:00,Basic-Fit,-29.99,0.00,EUR,COMPLETED,1215.85
CARD_PAYMENT,Current,2025-12-12 10:30:00,2025-12-12 12:00:00,Starbucks,-8.40,0.00,EUR,COMPLETED,1207.45
CARD_PAYMENT,Current,2025-12-13 10:26:00,2025-12-13 12:00:00,iCloud+,-2.99,0.00,EUR,COMPLETED,1204.46
CARD_PAYMENT,Current,2025-12-16 10:23:00,2025-12-16 12:00:00,Lime,-7.52,0.00,EUR,COMPLETED,1196.94
CARD_PAYMENT,Current,2025-12-20 10:50:00,2025-12-20 12:00:00,Deezer,-11.99,0.00,EUR,COMPLETED,1184.95
CARD_PAYMENT,Current,2025-12-23 10:24:00,2025-12-23 12:00:00,Uber Eats,-21.12,0.00,EUR,COMPLETED,1163.83
CARD_PAYMENT,Current,2025-12-23 10:11:00,2025-12-23 12:00:00,Zara,-59.40,0.00,EUR,COMPLETED,1104.43
CARD_PAYMENT,Current,2025-12-25 10:17:00,2025-12-25 12:00:00,Deliveroo,-36.78,0.00,EUR,COMPLETED,1067.65
CARD_PAYMENT,Current,2025-12-25 10:58:00,,Pending Coffee,-3.50,0.00,EUR,PENDING,
CARD_PAYMENT,Current,2025-12-31 10:35:00,2025-12-31 12:00:00,Le Petit Zinc,-37.58,0.00,EUR,COMPLETED,1030.07
TOPUP,Current,2026-01-02 10:03:00,2026-01-02 12:00:00,Top-Up by *4821,600.00,0.00,EUR,COMPLETED,1630.07
CARD_PAYMENT,Current,2026-01-04 10:51:00,2026-01-04 12:00:00,Netflix,-13.49,0.00,EUR,COMPLETED,1616.58
CARD_PAYMENT,Current,2026-01-04 10:57:00,2026-01-04 12:00:00,RATP,-2.15,0.00,EUR,COMPLETED,1614.43
CARD_PAYMENT,Current,2026-01-05 10:52:00,2026-01-05 12:00:00,Uber,-22.60,0.00,EUR,COMPLETED,1591.83
CARD_PAYMENT,Current,2026-01-07 10:45:00,2026-01-07 12:00:00,Spotify,-11.12,0.00,EUR,COMPLETED,1580.71
CARD_PAYMENT,Current,2026-01-09 10:14:00,2026-01-09 12:00:00,Disney Plus,-9.99,0.00,EUR,COMPLETED,1570.72
CARD_PAYMENT,Current,2026-01-09 10:07:00,2026-01-09 12:00:00,Uber,-19.87,0.00,EUR,COMPLETED,1550.85
CARD_PAYMENT,Current,2026-01-11 10:32:00,2026-01-11 12:00:00,Basic-Fit,-29.99,0.00,EUR,COMPLETED,1520.86
CARD_PAYMENT,Current,2026-01-11 10:40:00,2026-01-11 12:00:00,Amazon,-64.60,0.00,EUR,COMPLETED,1456.26
CARD_PAYMENT,Current,2026-01-13 10:27:00,2026-01-13 12:00:00,iCloud+,-2.99,0.00,EUR,COMPLETED,1453.27
CARD_PAYMENT,Current,2026-01-14 10:36:00,2026-01-14 12:00:00,Deliveroo,-21.41,0.00,EUR,COMPLETED,1431.86
CARD_PAYMENT,Current,2026-01-19 10:53:00,2026-01-19 12:00:00,Starbucks,-6.92,0.00,EUR,COMPLETED,1424.94
CARD_PAYMENT,Current,2026-01-20 10:54:00,2026-01-20 12:00:00,Deezer,-11.99,0.00,EUR,COMPLETED,1412.95
CARD_PAYMENT,Current,2026-01-21 10:05:00,2026-01-21 12:00:00,Starbucks,-5.56,0.00,EUR,COMPLETED,1407.39
CARD_PAYMENT,Current,2026-01-25 10:50:00,2026-01-25 12:00:00,Uber Eats,-29.52,0.00,EUR,COMPLETED,1377.87
CARD_PAYMENT,Current,2026-01-25 10:52:00,,Pending Coffee,-3.50,0.00,EUR,PENDING,
CARD_PAYMENT,Current,2026-01-28 10:35:00,2026-01-28 12:00:00,Fnac,-55.22,0.00,EUR,COMPLETED,1322.65
ATM,Current,2026-01-28 10:19:00,2026-01-28 12:00:00,Cash at Distributeur,-100.00,2.00,EUR,COMPLETED,1220.65
TOPUP,Current,2026-02-02 10:30:00,2026-02-02 12:00:00,Top-Up by *4821,600.00,0.00,EUR,COMPLETED,1820.65
CARD_PAYMENT,Current,2026-02-04 10:17:00,2026-02-04 12:00:00,Netflix,-13.49,0.00,EUR,COMPLETED,1807.16
CARD_PAYMENT,Current,2026-02-07 10:36:00,2026-02-07 12:00:00,Spotify,-11.12,0.00,EUR,COMPLETED,1796.04
CARD_PAYMENT,Current,2026-02-09 10:23:00,2026-02-09 12:00:00,Disney Plus,-9.99,0.00,EUR,COMPLETED,1786.05
CARD_PAYMENT,Current,2026-02-11 10:29:00,2026-02-11 12:00:00,Basic-Fit,-29.99,0.00,EUR,COMPLETED,1756.06
CARD_PAYMENT,Current,2026-02-11 10:13:00,2026-02-11 12:00:00,Pret A Manger,-9.02,0.00,EUR,COMPLETED,1747.04
CARD_PAYMENT,Current,2026-02-11 10:58:00,2026-02-11 12:00:00,Deliveroo,-30.91,0.00,EUR,COMPLETED,1716.13
CARD_PAYMENT,Current,2026-02-11 10:40:00,2026-02-11 12:00:00,Starbucks,-4.83,0.00,EUR,COMPLETED,1711.30
CARD_PAYMENT,Current,2026-02-11 10:36:00,2026-02-11 12:00:00,RATP,-2.15,0.00,EUR,COMPLETED,1709.15
CARD_PAYMENT,Current,2026-02-13 10:23:00,2026-02-13 12:00:00,iCloud+,-2.99,0.00,EUR,COMPLETED,1706.16
CARD_PAYMENT,Current,2026-02-17 10:35:00,2026-02-17 12:00:00,Booking.com,-486.00,0.00,EUR,COMPLETED,1220.16
CARD_PAYMENT,Current,2026-02-18 10:23:00,2026-02-18 12:00:00,Ryanair,-138.40,0.00,EUR,COMPLETED,1081.76
CARD_PAYMENT,Current,2026-02-20 10:44:00,2026-02-20 12:00:00,Deezer,-11.99,0.00,EUR,COMPLETED,1069.77
CARD_PAYMENT,Current,2026-02-20 10:14:00,2026-02-20 12:00:00,Starbucks,-6.69,0.00,EUR,COMPLETED,1063.08
CARD_PAYMENT,Current,2026-02-22 10:53:00,2026-02-22 12:00:00,Amazon,-60.37,0.00,EUR,COMPLETED,1002.71
CARD_PAYMENT,Current,2026-02-23 10:38:00,2026-02-23 12:00:00,Amazon,-12.61,0.00,EUR,COMPLETED,990.10
CARD_PAYMENT,Current,2026-02-25 10:42:00,2026-02-25 12:00:00,Pret A Manger,-8.79,0.00,EUR,COMPLETED,981.31
CARD_PAYMENT,Current,2026-02-25 10:07:00,,Pending Coffee,-3.50,0.00,EUR,PENDING,
CARD_PAYMENT,Current,2026-02-27 10:54:00,2026-02-27 12:00:00,Starbucks,-7.47,0.00,EUR,COMPLETED,973.84
TOPUP,Current,2026-03-02 10:32:00,2026-03-02 12:00:00,Top-Up by *4821,600.00,0.00,EUR,COMPLETED,1573.84
CARD_PAYMENT,Current,2026-03-04 10:36:00,2026-03-04 12:00:00,Netflix,-13.49,0.00,EUR,COMPLETED,1560.35
CARD_PAYMENT,Current,2026-03-07 10:52:00,2026-03-07 12:00:00,Spotify,-11.12,0.00,EUR,COMPLETED,1549.23
CARD_PAYMENT,Current,2026-03-08 10:24:00,2026-03-08 12:00:00,Uber Eats,-41.28,0.00,EUR,COMPLETED,1507.95
CARD_PAYMENT,Current,2026-03-09 10:31:00,2026-03-09 12:00:00,Disney Plus,-9.99,0.00,EUR,COMPLETED,1497.96
CARD_PAYMENT,Current,2026-03-09 10:26:00,2026-03-09 12:00:00,Zara,-36.60,0.00,EUR,COMPLETED,1461.36
CARD_PAYMENT,Current,2026-03-09 10:49:00,2026-03-09 12:00:00,Zara,-45.36,0.00,EUR,COMPLETED,1416.00
CARD_PAYMENT,Current,2026-03-11 10:03:00,2026-03-11 12:00:00,Basic-Fit,-29.99,0.00,EUR,COMPLETED,1386.01
CARD_PAYMENT,Current,2026-03-11 10:43:00,2026-03-11 12:00:00,Fnac,-65.64,0.00,EUR,COMPLETED,1320.37
CARD_PAYMENT,Current,2026-03-11 10:37:00,2026-03-11 12:00:00,Zara,-35.61,0.00,EUR,COMPLETED,1284.76
CARD_PAYMENT,Current,2026-03-13 10:49:00,2026-03-13 12:00:00,iCloud+,-2.99,0.00,EUR,COMPLETED,1281.77
CARD_PAYMENT,Current,2026-03-15 10:48:00,2026-03-15 12:00:00,Uber Eats,-29.56,0.00,EUR,COMPLETED,1252.21
CARD_PAYMENT,Current,2026-03-20 10:26:00,2026-03-20 12:00:00,Deezer,-11.99,0.00,EUR,COMPLETED,1240.22
CARD_PAYMENT,Current,2026-03-23 10:32:00,2026-03-23 12:00:00,Pret A Manger,-11.70,0.00,EUR,COMPLETED,1228.52
CARD_PAYMENT,Current,2026-03-25 10:13:00,,Pending Coffee,-3.50,0.00,EUR,PENDING,
CARD_PAYMENT,Current,2026-03-29 10:49:00,2026-03-29 12:00:00,Chez Bébert Bistrot,-43.03,0.00,EUR,COMPLETED,1185.49
CARD_PAYMENT,Current,2026-03-31 10:51:00,2026-03-31 12:00:00,Uber Eats,-25.89,0.00,EUR,COMPLETED,1159.60
TOPUP,Current,2026-04-02 10:27:00,2026-04-02 12:00:00,Top-Up by *4821,600.00,0.00,EUR,COMPLETED,1759.60
CARD_PAYMENT,Current,2026-04-04 10:33:00,2026-04-04 12:00:00,Netflix,-13.49,0.00,EUR,COMPLETED,1746.11
CARD_PAYMENT,Current,2026-04-07 10:29:00,2026-04-07 12:00:00,Spotify,-11.12,0.00,EUR,COMPLETED,1734.99
CARD_PAYMENT,Current,2026-04-09 10:43:00,2026-04-09 12:00:00,Disney Plus,-9.99,0.00,EUR,COMPLETED,1725.00
CARD_PAYMENT,Current,2026-04-09 10:31:00,2026-04-09 12:00:00,Deliveroo,-27.74,0.00,EUR,COMPLETED,1697.26
CARD_PAYMENT,Current,2026-04-09 10:23:00,2026-04-09 12:00:00,Lime,-5.24,0.00,EUR,COMPLETED,1692.02
CARD_PAYMENT,Current,2026-04-11 10:43:00,2026-04-11 12:00:00,Basic-Fit,-29.99,0.00,EUR,COMPLETED,1662.03
CARD_PAYMENT,Current,2026-04-11 10:43:00,2026-04-11 12:00:00,Uber Eats,-26.08,0.00,EUR,COMPLETED,1635.95
CARD_PAYMENT,Current,2026-04-12 10:20:00,2026-04-12 12:00:00,Amazon,-48.95,0.00,EUR,COMPLETED,1587.00
CARD_PAYMENT,Current,2026-04-13 10:35:00,2026-04-13 12:00:00,iCloud+,-2.99,0.00,EUR,COMPLETED,1584.01
CARD_PAYMENT,Current,2026-04-16 10:52:00,2026-04-16 12:00:00,Pret A Manger,-10.96,0.00,EUR,COMPLETED,1573.05
CARD_PAYMENT,Current,2026-04-17 10:37:00,2026-04-17 12:00:00,RATP,-2.15,0.00,EUR,COMPLETED,1570.90
CARD_PAYMENT,Current,2026-04-20 10:31:00,2026-04-20 12:00:00,Deezer,-11.99,0.00,EUR,COMPLETED,1558.91
CARD_PAYMENT,Current,2026-04-23 10:10:00,2026-04-23 12:00:00,Fnac,-16.90,0.00,EUR,COMPLETED,1542.01
CARD_PAYMENT,Current,2026-04-25 10:43:00,,Pending Coffee,-3.50,0.00,EUR,PENDING,
CARD_PAYMENT,Current,2026-04-26 10:16:00,2026-04-26 12:00:00,Uber Eats,-24.03,0.00,EUR,COMPLETED,1517.98
CARD_PAYMENT,Current,2026-04-30 10:18:00,2026-04-30 12:00:00,Uber Eats,-22.55,0.00,EUR,COMPLETED,1495.43
TOPUP,Current,2026-05-02 10:18:00,2026-05-02 12:00:00,Top-Up by *4821,600.00,0.00,EUR,COMPLETED,2095.43
CARD_PAYMENT,Current,2026-05-03 10:22:00,2026-05-03 12:00:00,Starbucks,-6.58,0.00,EUR,COMPLETED,2088.85
CARD_PAYMENT,Current,2026-05-04 10:30:00,2026-05-04 12:00:00,Netflix,-15.99,0.00,EUR,COMPLETED,2072.86
CARD_PAYMENT,Current,2026-05-07 10:09:00,2026-05-07 12:00:00,Spotify,-11.12,0.00,EUR,COMPLETED,2061.74
CARD_PAYMENT,Current,2026-05-09 10:22:00,2026-05-09 12:00:00,Disney Plus,-9.99,0.00,EUR,COMPLETED,2051.75
CARD_PAYMENT,Current,2026-05-11 10:43:00,2026-05-11 12:00:00,Basic-Fit,-29.99,0.00,EUR,COMPLETED,2021.76
CARD_PAYMENT,Current,2026-05-11 10:26:00,2026-05-11 12:00:00,Deliveroo,-24.03,0.00,EUR,COMPLETED,1997.73
CARD_PAYMENT,Current,2026-05-11 10:14:00,2026-05-11 12:00:00,Fnac,-76.47,0.00,EUR,COMPLETED,1921.26
CARD_PAYMENT,Current,2026-05-11 10:36:00,2026-05-11 12:00:00,RATP,-2.15,0.00,EUR,COMPLETED,1919.11
CARD_PAYMENT,Current,2026-05-13 10:19:00,2026-05-13 12:00:00,iCloud+,-2.99,0.00,EUR,COMPLETED,1916.12
CARD_PAYMENT,Current,2026-05-25 10:12:00,,Pending Coffee,-3.50,0.00,EUR,PENDING,
CARD_PAYMENT,Current,2026-05-26 10:53:00,2026-05-26 12:00:00,Pret A Manger,-11.92,0.00,EUR,COMPLETED,1904.20
CARD_PAYMENT,Current,2026-05-27 10:56:00,2026-05-27 12:00:00,Fnac,-61.83,0.00,EUR,COMPLETED,1842.37
CARD_PAYMENT,Current,2026-05-28 10:16:00,2026-05-28 12:00:00,RATP,-2.15,0.00,EUR,COMPLETED,1840.22
CARD_PAYMENT,Current,2026-05-29 10:09:00,2026-05-29 12:00:00,Lime,-5.85,0.00,EUR,COMPLETED,1834.37
CARD_PAYMENT,Current,2026-05-31 10:45:00,2026-05-31 12:00:00,Lime,-4.49,0.00,EUR,COMPLETED,1829.88
TOPUP,Current,2026-06-02 10:31:00,2026-06-02 12:00:00,Top-Up by *4821,600.00,0.00,EUR,COMPLETED,2429.88
CARD_PAYMENT,Current,2026-06-03 10:32:00,2026-06-03 12:00:00,Zara,-89.04,0.00,EUR,COMPLETED,2340.84
CARD_PAYMENT,Current,2026-06-04 10:09:00,2026-06-04 12:00:00,Netflix,-15.99,0.00,EUR,COMPLETED,2324.85
CARD_PAYMENT,Current,2026-06-07 10:46:00,2026-06-07 12:00:00,Spotify,-11.12,0.00,EUR,COMPLETED,2313.73
CARD_PAYMENT,Current,2026-06-07 10:49:00,2026-06-07 12:00:00,Amazon,-15.51,0.00,EUR,COMPLETED,2298.22
CARD_PAYMENT,Current,2026-06-07 10:09:00,2026-06-07 12:00:00,Uber,-22.29,0.00,EUR,COMPLETED,2275.93
CARD_PAYMENT,Current,2026-06-09 10:52:00,2026-06-09 12:00:00,Disney Plus,-9.99,0.00,EUR,COMPLETED,2265.94
CARD_PAYMENT,Current,2026-06-10 10:35:00,2026-06-10 12:00:00,RATP,-2.15,0.00,EUR,COMPLETED,2263.79
CARD_PAYMENT,Current,2026-06-11 10:31:00,2026-06-11 12:00:00,Basic-Fit,-29.99,0.00,EUR,COMPLETED,2233.80
CARD_PAYMENT,Current,2026-06-12 10:16:00,2026-06-12 12:00:00,Chez Bébert Bistrot,-30.60,0.00,EUR,COMPLETED,2203.20
CARD_PAYMENT,Current,2026-06-13 10:19:00,2026-06-13 12:00:00,iCloud+,-2.99,0.00,EUR,COMPLETED,2200.21
CARD_PAYMENT,Current,2026-06-13 10:16:00,2026-06-13 12:00:00,Uber,-27.17,0.00,EUR,COMPLETED,2173.04
CARD_PAYMENT,Current,2026-06-16 10:52:00,2026-06-16 12:00:00,Chez Bébert Bistrot,-24.59,0.00,EUR,COMPLETED,2148.45
CARD_PAYMENT,Current,2026-06-16 10:43:00,2026-06-16 12:00:00,Fnac,-24.15,0.00,EUR,COMPLETED,2124.30
CARD_PAYMENT,Current,2026-06-25 10:00:00,,Pending Coffee,-3.50,0.00,EUR,PENDING,
CARD_PAYMENT,Current,2026-06-29 10:16:00,2026-06-29 12:00:00,Lime,-7.18,0.00,EUR,COMPLETED,2117.12
TOPUP,Current,2026-07-02 10:45:00,2026-07-02 12:00:00,Top-Up by *4821,600.00,0.00,EUR,COMPLETED,2717.12
CARD_PAYMENT,Current,2026-07-04 10:49:00,2026-07-04 12:00:00,Netflix,-15.99,0.00,EUR,COMPLETED,2701.13
CARD_PAYMENT,Current,2026-07-05 10:45:00,2026-07-05 12:00:00,Zara,-71.91,0.00,EUR,COMPLETED,2629.22
CARD_PAYMENT,Current,2026-07-06 10:14:00,2026-07-06 12:00:00,Deliveroo,-31.65,0.00,EUR,COMPLETED,2597.57
CARD_PAYMENT,Current,2026-07-07 10:46:00,2026-07-07 12:00:00,Spotify,-11.12,0.00,EUR,COMPLETED,2586.45
CARD_PAYMENT,Current,2026-07-09 10:11:00,2026-07-09 12:00:00,Disney Plus,-9.99,0.00,EUR,COMPLETED,2576.46
CARD_PAYMENT,Current,2026-07-11 10:57:00,2026-07-11 12:00:00,Basic-Fit,-29.99,0.00,EUR,COMPLETED,2546.47
CARD_PAYMENT,Current,2026-07-13 10:23:00,2026-07-13 12:00:00,iCloud+,-2.99,0.00,EUR,COMPLETED,2543.48
CARD_PAYMENT,Current,2026-07-15 10:13:00,2026-07-15 12:00:00,Uber Eats,-20.69,0.00,EUR,COMPLETED,2522.79
CARD_PAYMENT,Current,2026-07-20 10:56:00,2026-07-20 12:00:00,Uber,-25.56,0.00,EUR,COMPLETED,2497.23
CARD_PAYMENT,Current,2026-07-23 10:23:00,2026-07-23 12:00:00,Uber,-15.50,0.00,EUR,COMPLETED,2481.73
CARD_PAYMENT,Current,2026-07-23 10:58:00,2026-07-23 12:00:00,Deliveroo,-17.73,0.00,EUR,COMPLETED,2464.00
CARD_PAYMENT,Current,2026-07-24 10:57:00,2026-07-24 12:00:00,RATP,-2.15,0.00,EUR,COMPLETED,2461.85
CARD_PAYMENT,Current,2026-07-24 10:46:00,2026-07-24 12:00:00,Uber Eats,-27.56,0.00,EUR,COMPLETED,2434.29
CARD_PAYMENT,Current,2026-07-25 10:17:00,2026-07-25 12:00:00,Pret A Manger,-10.67,0.00,EUR,COMPLETED,2423.62
CARD_PAYMENT,Current,2026-07-25 10:17:00,,Pending Coffee,-3.50,0.00,EUR,PENDING,
TOPUP,Current,2026-08-02 10:58:00,2026-08-02 12:00:00,Top-Up by *4821,600.00,0.00,EUR,COMPLETED,3023.62
CARD_PAYMENT,Current,2026-08-04 10:17:00,2026-08-04 12:00:00,Netflix,-15.99,0.00,EUR,COMPLETED,3007.63
CARD_PAYMENT,Current,2026-08-07 10:06:00,2026-08-07 12:00:00,Spotify,-11.12,0.00,EUR,COMPLETED,2996.51
CARD_PAYMENT,Current,2026-08-09 10:58:00,2026-08-09 12:00:00,Disney Plus,-9.99,0.00,EUR,COMPLETED,2986.52
CARD_PAYMENT,Current,2026-08-11 10:14:00,2026-08-11 12:00:00,Basic-Fit,-29.99,0.00,EUR,COMPLETED,2956.53
CARD_PAYMENT,Current,2026-08-12 10:29:00,2026-08-12 12:00:00,Kobalt Studio Yoga,-95.00,0.00,EUR,COMPLETED,2861.53
CARD_PAYMENT,Current,2026-08-13 10:08:00,2026-08-13 12:00:00,iCloud+,-2.99,0.00,EUR,COMPLETED,2858.54
CARD_PAYMENT,Current,2026-08-13 10:04:00,2026-08-13 12:00:00,Uber Eats,-40.71,0.00,EUR,COMPLETED,2817.83
CARD_PAYMENT,Current,2026-08-17 10:13:00,2026-08-17 12:00:00,Lime,-3.05,0.00,EUR,COMPLETED,2814.78
CARD_PAYMENT,Current,2026-08-19 10:36:00,2026-08-19 12:00:00,Uber Eats,-26.80,0.00,EUR,COMPLETED,2787.98
CARD_PAYMENT,Current,2026-08-19 10:58:00,2026-08-19 12:00:00,Zara,-30.13,0.00,EUR,COMPLETED,2757.85
CARD_PAYMENT,Current,2026-08-21 10:51:00,2026-08-21 12:00:00,Uber Eats,-25.04,0.00,EUR,COMPLETED,2732.81
CARD_PAYMENT,Current,2026-08-22 10:07:00,2026-08-22 12:00:00,Le Petit Zinc,-48.28,0.00,EUR,COMPLETED,2684.53
CARD_PAYMENT,Current,2026-08-22 10:07:00,2026-08-22 12:00:00,Uber Eats,-25.03,0.00,EUR,COMPLETED,2659.50
CARD_PAYMENT,Current,2026-08-23 10:55:00,2026-08-23 12:00:00,Starbucks,-4.38,0.00,EUR,COMPLETED,2655.12
CARD_PAYMENT,Current,2026-08-25 10:09:00,,Pending Coffee,-3.50,0.00,EUR,PENDING,
CARD_PAYMENT,Current,2026-08-26 10:28:00,2026-08-26 12:00:00,Uber,-26.28,0.00,EUR,COMPLETED,2628.84
TOPUP,Current,2026-09-02 10:46:00,2026-09-02 12:00:00,Top-Up by *4821,600.00,0.00,EUR,COMPLETED,3228.84
CARD_PAYMENT,Current,2026-09-02 10:12:00,2026-09-02 12:00:00,Fnac,-51.61,0.00,EUR,COMPLETED,3177.23
CARD_PAYMENT,Current,2026-09-04 10:30:00,2026-09-04 12:00:00,Netflix,-15.99,0.00,EUR,COMPLETED,3161.24
CARD_PAYMENT,Current,2026-09-07 10:43:00,2026-09-07 12:00:00,Spotify,-11.12,0.00,EUR,COMPLETED,3150.12
CARD_PAYMENT,Current,2026-09-09 10:05:00,2026-09-09 12:00:00,Disney Plus,-9.99,0.00,EUR,COMPLETED,3140.13
CARD_PAYMENT,Current,2026-09-09 10:47:00,2026-09-09 12:00:00,Uber,-18.50,0.00,EUR,COMPLETED,3121.63
CARD_PAYMENT,Current,2026-09-09 10:57:00,2026-09-09 12:00:00,Uber Eats,-21.69,0.00,EUR,COMPLETED,3099.94
CARD_PAYMENT,Current,2026-09-10 10:52:00,2026-09-10 12:00:00,Fnac,-75.67,0.00,EUR,COMPLETED,3024.27
CARD_PAYMENT,Current,2026-09-11 10:50:00,2026-09-11 12:00:00,Basic-Fit,-29.99,0.00,EUR,COMPLETED,2994.28
CARD_PAYMENT,Current,2026-09-13 10:33:00,2026-09-13 12:00:00,iCloud+,-2.99,0.00,EUR,COMPLETED,2991.29
CARD_PAYMENT,Current,2026-09-13 10:25:00,2026-09-13 12:00:00,Deliveroo,-29.09,0.00,EUR,COMPLETED,2962.20
CARD_PAYMENT,Current,2026-09-20 10:28:00,2026-09-20 12:00:00,Uber Eats,-29.68,0.00,EUR,COMPLETED,2932.52
CARD_PAYMENT,Current,2026-09-23 10:11:00,2026-09-23 12:00:00,Lime,-5.99,0.00,EUR,COMPLETED,2926.53
CARD_PAYMENT,Current,2026-09-25 10:24:00,,Pending Coffee,-3.50,0.00,EUR,PENDING,
CARD_PAYMENT,Current,2026-09-27 10:17:00,2026-09-27 12:00:00,Amazon,-30.65,0.00,EUR,COMPLETED,2895.88
CARD_PAYMENT,Current,2026-09-30 10:56:00,2026-09-30 12:00:00,Uber Eats,-35.72,0.00,EUR,COMPLETED,2860.16
